-- create test data
-- users


-- threads


-- messages
INSERT INTO ls_chat.messages (id,message,created_at,grede,user_id,thread_id) VALUES (11111111-1111-1111-1111-111111111111,'おはよう',2019-12-09 07:14:22,DEFAULT,11111111-1111-1111-1111-111111111111,11111111-1111-1111-1111-111111111111)
INSERT INTO ls_chat.messages (id,message,created_at,grede,user_id,thread_id) VALUES (22222222-2222-2222-2222-222222222222,'こんにちは',2019-12-10 11:24:30,DEFAULT,22222222-2222-2222-2222-222222222222,22222222-2222-2222-2222-222222222222)
INSERT INTO ls_chat.messages (id,message,created_at,grede,user_id,thread_id) VALUES (33333333-3333-3333-3333-333333333333,'こんばんわ',2019-12-11 19:56:46,DEFAULT,33333333-3333-3333-3333-333333333333,33333333-3333-3333-3333-333333333333)
INSERT INTO ls_chat.messages (id,message,created_at,grede,user_id,thread_id) VALUES (44444444-4444-4444-4444-444444444444,'犬こそが至高',DEFAULT,3,44444444-4444-4444-4444-444444444444,44444444-4444-4444-4444-444444444444)
INSERT INTO ls_chat.messages (id,message,created_at,grede,user_id,thread_id) VALUES (55555555-5555-5555-5555-555555555555,'猫でしょ',DEFAULT,4,55555555-5555-5555-5555-555555555555,55555555-5555-5555-5555-555555555555)
INSERT INTO ls_chat.messages (id,message,created_at,grede,user_id,thread_id) VALUES (66666666-6666-6666-6666-666666666666,'(鳥なんだよなあ)',DEFAULT,5,66666666-6666-6666-6666-666666666666,66666666-6666-6666-6666-666666666666)
-- tags


-- categories


-- archives
INSERT INTO ls_chat.archives (id,path,is_public,password,thread_id) VALUES (11111111-1111-1111-1111-111111111111,'./path',DEFAULT,'password',11111111-1111-1111-1111-111111111111)
INSERT INTO ls_chat.archives (id,path,is_public,password,thread_id) VALUES (22222222-2222-2222-2222-222222222222,'./User1',DEFAULT,'12345678',22222222-2222-2222-2222-222222222222)
INSERT INTO ls_chat.archives (id,path,is_public,password,thread_id) VALUES (33333333-3333-3333-3333-333333333333,'./User2',1,'qwertyui',33333333-3333-3333-3333-333333333333)
INSERT INTO ls_chat.archives (id,path,is_public,password,thread_id) VALUES (44444444-4444-4444-4444-444444444444,'./User3',1,'asdfghjk',44444444-4444-4444-4444-444444444444)
INSERT INTO ls_chat.archives (id,path,is_public,password,thread_id) VALUES (55555555-5555-5555-5555-555555555555,'./User4',0,'QAZWSXEDCRFVTGB',55555555-5555-5555-5555-555555555555)
INSERT INTO ls_chat.archives (id,path,is_public,password,thread_id) VALUES (66666666-6666-6666-6666-666666666666,'./User5',0,'qawsedrftgyhujikolp',66666666-6666-6666-6666-666666666666)
-- evaluations


-- evaluation_scores


-- users_followers


-- users_tags
INSERT INTO ls_chat.users_tags (id,user_id,tag_id) VALUES (11111111-1111-1111-1111-111111111111,11111111-1111-1111-1111-111111111111,11111111-1111-1111-1111-111111111111)
INSERT INTO ls_chat.users_tags (id,user_id,tag_id) VALUES (22222222-2222-2222-2222-222222222222,22222222-2222-2222-2222-222222222222,22222222-2222-2222-2222-222222222222)
INSERT INTO ls_chat.users_tags (id,user_id,tag_id) VALUES (33333333-3333-3333-3333-333333333333,33333333-3333-3333-3333-333333333333,33333333-3333-3333-3333-333333333333)
INSERT INTO ls_chat.users_tags (id,user_id,tag_id) VALUES (44444444-4444-4444-4444-444444444444,44444444-4444-4444-4444-444444444444,44444444-4444-4444-4444-444444444444)
INSERT INTO ls_chat.users_tags (id,user_id,tag_id) VALUES (55555555-5555-5555-5555-555555555555,55555555-5555-5555-5555-555555555555,55555555-5555-5555-5555-555555555555)
INSERT INTO ls_chat.users_tags (id,user_id,tag_id) VALUES (66666666-6666-6666-6666-666666666666,66666666-6666-6666-6666-666666666666,66666666-6666-6666-6666-666666666666)
-- users_threads


-- users_favorites
INSERT INTO ls_chat.users_favorites (id,user_id,message_id) VALUES (11111111-1111-1111-1111-111111111111,11111111-1111-1111-1111-111111111111,11111111-1111-1111-1111-111111111111)
INSERT INTO ls_chat.users_favorites (id,user_id,message_id) VALUES (22222222-2222-2222-2222-222222222222,22222222-2222-2222-2222-222222222222,22222222-2222-2222-2222-222222222222)
INSERT INTO ls_chat.users_favorites (id,user_id,message_id) VALUES (33333333-3333-3333-3333-333333333333,33333333-3333-3333-3333-333333333333,33333333-3333-3333-3333-333333333333)
INSERT INTO ls_chat.users_favorites (id,user_id,message_id) VALUES (44444444-4444-4444-4444-444444444444,44444444-4444-4444-4444-444444444444,44444444-4444-4444-4444-444444444444)
INSERT INTO ls_chat.users_favorites (id,user_id,message_id) VALUES (55555555-5555-5555-5555-555555555555,55555555-5555-5555-5555-555555555555,55555555-5555-5555-5555-555555555555)
INSERT INTO ls_chat.users_favorites (id,user_id,message_id) VALUES (66666666-6666-6666-6666-666666666666,66666666-6666-6666-6666-666666666666,66666666-6666-6666-6666-666666666666)
-- threads_tags

